{"atlas":{"type":"mtsdf","distanceRange":12,"size":64,"width":48,"height":48,"yOrigin":"bottom"},"metrics":{"emSize":1,"lineHeight":1.2,"ascender":0.495,"descender":0.10200000000000001,"underlineY":-0.10000000000000001,"underlineThickness":0.050000000000000003},"glyphs":[{"unicode":65,"advance":1,"planeBounds":{"left":0.16472677667358171,"bottom":0.0016250000000000071,"right":0.85222677667358182,"top":0.59537499999999999},"atlasBounds":{"left":0.5,"bottom":9.5,"right":44.5,"top":47.5}}],"kerning":[]}
