{"atlas":{"type":"mtsdf","distanceRange":10,"distanceRangeMiddle":0,"size":64,"width":75,"height":75,"yOrigin":"bottom"},"metrics":{"emSize":1,"lineHeight":1.0900000000000001,"ascender":0.80000000000000004,"descender":-0.20000000000000001,"underlineY":-0.10000000000000001,"underlineThickness":0.050000000000000003},"glyphs":[{"unicode":65,"advance":1,"planeBounds":{"left":-0.077185606060606093,"bottom":-0.2109375,"right":1.079064393939394,"top":0.8828125},"atlasBounds":{"left":0.5,"bottom":4.5,"right":74.5,"top":74.5}}],"kerning":[]}
